id,tipo,titulo,descricao,autor,data,duracao,origem,rito,grau,ordem,tags,url,youtube_id,thumbnail,transcricao_status,acesso,perguntas_aprofundamento,publicado_por,publicado_em,anexos
prancha-u002,prancha,A Simbologia da Morte na Maçonaria,Prancha de estudos do Grupo de Estudos Urânia.,,,,Grupo de Estudos Urânia,,,,simbolismo; morte,,,,nao_aplicavel,,,,,Prancha|https://drive.google.com/file/d/1UufuHlXPHXwbojX8LSoyEHb8mJDifWqc/view
prancha-u005,prancha,Reconhecimento e Regularidade,Prancha do Grupo de Estudos Urânia. Sessão não gravada a pedido dos presentes.,,,,Grupo de Estudos Urânia,,,,reconhecimento; regularidade,,,,nao_aplicavel,,,,,Prancha|https://drive.google.com/file/d/1LsKse2D7TGWYYkcT6_FEXsauY6prb9vP/view
video-Jv15R76nF24,video,O Homem Deus de Willermoz,,Maurício Oliveira Machado,2025-02-02,,EpaminondasOnline,,1,,,https://www.youtube.com/watch?v=Jv15R76nF24,Jv15R76nF24,https://img.youtube.com/vi/Jv15R76nF24/hqdefault.jpg,pendente,,,,,
video-fxiTVg2U_GU,video,Heráclito,,Cláudio Melo,2025-03-30,,EpaminondasOnline,,1,,,https://www.youtube.com/watch?v=fxiTVg2U_GU,fxiTVg2U_GU,https://img.youtube.com/vi/fxiTVg2U_GU/hqdefault.jpg,pendente,,,,,
video-wIc_Ue-OM5s,video,Tiradentes seria um profano de avental???,,Celso José Mello,2023-04-13,,EpaminondasOnline,,1,,,https://www.youtube.com/watch?v=wIc_Ue-OM5s,wIc_Ue-OM5s,https://img.youtube.com/vi/wIc_Ue-OM5s/hqdefault.jpg,pendente,,,,,
video-XyMAzGYKXj4,video,Vimanas - Máquinas Voadoras da Índia Antiga,,José Maldonado Gualda,2025-05-04,,EpaminondasOnline,,1,,,https://www.youtube.com/watch?v=XyMAzGYKXj4,XyMAzGYKXj4,https://img.youtube.com/vi/XyMAzGYKXj4/hqdefault.jpg,pendente,,,,,
video-nyaIb5w6GQc,video,A Caridade,,Luiz Marcelo Viegas,2025-05-11,,EpaminondasOnline,,1,,,https://www.youtube.com/watch?v=nyaIb5w6GQc,nyaIb5w6GQc,https://img.youtube.com/vi/nyaIb5w6GQc/hqdefault.jpg,pendente,,,,,
video-A_aUvLnt7JY,video,Corporações de Ofício,,Michael Winetzki,2025-05-18,,EpaminondasOnline,,1,,,https://www.youtube.com/watch?v=A_aUvLnt7JY,A_aUvLnt7JY,https://img.youtube.com/vi/A_aUvLnt7JY/hqdefault.jpg,pendente,,,,,
video-26deWW9aTg8,video,Estudo sobre a Abóbada Celeste no Templo Maçônico do REAA,,José Airton de Carvalho,2025-05-25,,EpaminondasOnline,,1,,,https://www.youtube.com/watch?v=26deWW9aTg8,26deWW9aTg8,https://img.youtube.com/vi/26deWW9aTg8/hqdefault.jpg,pendente,,,,,
video-djaEf1ao_FM,video,Mitologia Egípcia - Misticismo,,Adnan Neser,2025-06-01,,EpaminondasOnline,,1,,,https://www.youtube.com/watch?v=djaEf1ao_FM,djaEf1ao_FM,https://img.youtube.com/vi/djaEf1ao_FM/hqdefault.jpg,pendente,,,,,
video-PGjmXklwhCo,video,"O Grupo de Estudos Maçônicos Epaminondas Souza Costa convida os Irmãos, Cunhadas, Sobrinhos, Sobrinhas e Convidados para a palestra virtual cujo tema será: Duas Pedras - ministrada pelo Grupo Jogral Arte Real: Maria Pompeia de Mello, Geni Garrido, Noemi de Carvalho Moura, Luis Vandoque Jacó Filho, Elisabeth Pinheiro e pelos Irmãos: Carlos Brasilio Conte, Alcebides Laudelino dos Santos, Jorge Antônio Ventura Reis e Marcos Vinicius Teixeira da Silva",,Dia:,2025-06-08,,EpaminondasOnline,,1,,,https://www.youtube.com/watch?v=PGjmXklwhCo,PGjmXklwhCo,https://img.youtube.com/vi/PGjmXklwhCo/hqdefault.jpg,pendente,,,,,
video-XgkyXzs3otg,video,Humanismo,,José Maldonado Gualda e Oduwaldo Alvaro,2025-06-15,,EpaminondasOnline,,1,,,https://www.youtube.com/watch?v=XgkyXzs3otg,XgkyXzs3otg,https://img.youtube.com/vi/XgkyXzs3otg/hqdefault.jpg,pendente,,,,,
video-pHUOMt6gTFQ,video,Solstícios e o Templo de Salomão,,Mardônio Júnior Matos Duarte,2025-06-22,,EpaminondasOnline,,1,,,https://www.youtube.com/watch?v=pHUOMt6gTFQ,pHUOMt6gTFQ,https://img.youtube.com/vi/pHUOMt6gTFQ/hqdefault.jpg,pendente,,,,,
video-uQzwYAPLNQU,video,Plotino e as Enéadas,,Matheus Flores (Ngakpa Jhampa Dorje),2025-06-29,,EpaminondasOnline,,1,,,https://www.youtube.com/watch?v=uQzwYAPLNQU,uQzwYAPLNQU,https://img.youtube.com/vi/uQzwYAPLNQU/hqdefault.jpg,pendente,,,,,
video-iwPN7wpMBEk,video,"A Simbologia dos Números 1, 2 ,3 e 4",,Constante Ramos Garcia,2025-07-06,,EpaminondasOnline,,1,,,https://www.youtube.com/watch?v=iwPN7wpMBEk,iwPN7wpMBEk,https://img.youtube.com/vi/iwPN7wpMBEk/hqdefault.jpg,pendente,,,,,
video-DMKLxXOPmNM,video,O Homem Alfa e Ômega da Criação,,Maurício Oliveira Machado,2025-07-13,,EpaminondasOnline,,1,,,https://www.youtube.com/watch?v=DMKLxXOPmNM,DMKLxXOPmNM,https://img.youtube.com/vi/DMKLxXOPmNM/hqdefault.jpg,pendente,,,,,
video-dbl9VXh7O50,video,Paixões: aprendizado maçônico com base na dissertação de David Hume,,Domingos Léo Monteiro,2025-07-20,,EpaminondasOnline,,1,,,https://www.youtube.com/watch?v=dbl9VXh7O50,dbl9VXh7O50,https://img.youtube.com/vi/dbl9VXh7O50/hqdefault.jpg,pendente,,,,,
video-bt4Nk844h8w,video,Maçonaria e Budismo,,Matheus Flores,2025-07-27,,EpaminondasOnline,,1,,,https://www.youtube.com/watch?v=bt4Nk844h8w,bt4Nk844h8w,https://img.youtube.com/vi/bt4Nk844h8w/hqdefault.jpg,pendente,,,,,
video-_ZPIpo4t9EY,video,Aspectos Psicológicos e Alquímicos na Maçonaria,,Jussara Zardo & Roberto Zardo,2025-08-03,,EpaminondasOnline,,1,,,https://www.youtube.com/watch?v=_ZPIpo4t9EY,_ZPIpo4t9EY,https://img.youtube.com/vi/_ZPIpo4t9EY/hqdefault.jpg,pendente,,,,,
video-bMSuIPj62S4,video,O Simbolismo do Graal,,Oduwaldo Alvaro e Valdir Anderson Silvério,2025-08-10,,EpaminondasOnline,,1,,,https://www.youtube.com/watch?v=bMSuIPj62S4,bMSuIPj62S4,https://img.youtube.com/vi/bMSuIPj62S4/hqdefault.jpg,pendente,,,,,
video-UKXYkzEk5rk,video,A MARCHA DO APRENDIZ NO RITO ADONHIRAMITA,,SÉRGIO EMILIÃO,2025-08-17,,EpaminondasOnline,,1,,,https://www.youtube.com/watch?v=UKXYkzEk5rk,UKXYkzEk5rk,https://img.youtube.com/vi/UKXYkzEk5rk/hqdefault.jpg,pendente,,,,,
video-guWmFb1ypaQ,video,Demócrito,,Cláudio Melo,2025-08-24,,EpaminondasOnline,,1,,,https://www.youtube.com/watch?v=guWmFb1ypaQ,guWmFb1ypaQ,https://img.youtube.com/vi/guWmFb1ypaQ/hqdefault.jpg,pendente,,,,,
video-JZmLKhM6D7k,video,"Estrutura administrativa maçônica, ritos e rituais",,Domingos Léo Monteiro,2025-08-31,,EpaminondasOnline,,1,,,https://www.youtube.com/watch?v=JZmLKhM6D7k,JZmLKhM6D7k,https://img.youtube.com/vi/JZmLKhM6D7k/hqdefault.jpg,pendente,,,,,
video-ivwoJ3Jp5Lk,video,VERÁS QUE UM FILHO TEU NÃO FOGE À LUTA,,FUAD HADDAD,2025-09-07,,EpaminondasOnline,,1,,,https://www.youtube.com/watch?v=ivwoJ3Jp5Lk,ivwoJ3Jp5Lk,https://img.youtube.com/vi/ivwoJ3Jp5Lk/hqdefault.jpg,pendente,,,,,
video--_Jj_1Vr9lc,video,João e o Grau de Aprendiz,,Denizart Silveira de Oliveira Filho,2025-09-14,,EpaminondasOnline,,1,,,https://www.youtube.com/watch?v=-_Jj_1Vr9lc,-_Jj_1Vr9lc,https://img.youtube.com/vi/-_Jj_1Vr9lc/hqdefault.jpg,pendente,,,,,
video-5fJheJU3Et4,video,Descartes - Vida e Obra,,Sérgio Viana Villa,2025-09-21,,EpaminondasOnline,,1,,,https://www.youtube.com/watch?v=5fJheJU3Et4,5fJheJU3Et4,https://img.youtube.com/vi/5fJheJU3Et4/hqdefault.jpg,pendente,,,,,
video-EEaBlatJCSk,video,Moisés,,Antonio Aldrighi Ceron Filho,2025-09-28,,EpaminondasOnline,,1,,,https://www.youtube.com/watch?v=EEaBlatJCSk,EEaBlatJCSk,https://img.youtube.com/vi/EEaBlatJCSk/hqdefault.jpg,pendente,,,,,
video-USMbRq_Ht8w,video,Moral: aprendizado maçônico com base na dissertação de David Hume,,Domingos Léo Monteiro,2025-10-05,,EpaminondasOnline,,1,,,https://www.youtube.com/watch?v=USMbRq_Ht8w,USMbRq_Ht8w,https://img.youtube.com/vi/USMbRq_Ht8w/hqdefault.jpg,pendente,,,,,
video-P_3IED6fGiE,video,Peregrinação como caminho para o autoconhecimento,,Roberto Zardo,2025-10-12,,EpaminondasOnline,,1,,,https://www.youtube.com/watch?v=P_3IED6fGiE,P_3IED6fGiE,https://img.youtube.com/vi/P_3IED6fGiE/hqdefault.jpg,pendente,,,,,
video-GDqXhR-SXFE,video,Influência Templária nos Altos Graus do REAA,,Valdir Anderson Silvério,2025-10-19,,EpaminondasOnline,,1,,,https://www.youtube.com/watch?v=GDqXhR-SXFE,GDqXhR-SXFE,https://img.youtube.com/vi/GDqXhR-SXFE/hqdefault.jpg,pendente,,,,,
video-jnLmp-38t7g,video,Leonardo da Vinci,,Roberto Zardo,2025-10-26,,EpaminondasOnline,,1,,,https://www.youtube.com/watch?v=jnLmp-38t7g,jnLmp-38t7g,https://img.youtube.com/vi/jnLmp-38t7g/hqdefault.jpg,pendente,,,,,
video-eHIjQyHXXmU,video,Testamento Vital: a autonomia na jornada final,,José Eduardo da Silva,2025-11-02,,EpaminondasOnline,,1,,,https://www.youtube.com/watch?v=eHIjQyHXXmU,eHIjQyHXXmU,https://img.youtube.com/vi/eHIjQyHXXmU/hqdefault.jpg,pendente,,,,,
video-yT8stY2HK4A,video,A República e a Maçonaria,,Celso José Mello,2025-11-09,,EpaminondasOnline,,1,,,https://www.youtube.com/watch?v=yT8stY2HK4A,yT8stY2HK4A,https://img.youtube.com/vi/yT8stY2HK4A/hqdefault.jpg,pendente,,,,,
video-OUQ9n4yuNLc,video,Ritos e Rituais no Brasil,,Oduwaldo Alvaro,2025-11-16,,EpaminondasOnline,,1,,,https://www.youtube.com/watch?v=OUQ9n4yuNLc,OUQ9n4yuNLc,https://img.youtube.com/vi/OUQ9n4yuNLc/hqdefault.jpg,pendente,,,,,
video-rFzSyBX1y5k,video,"Maçonaria e Hollywood: Filme ""O Feitiço do Tempo""",,Valdir Anderson Silvério,2025-11-23,,EpaminondasOnline,,1,,,https://www.youtube.com/watch?v=rFzSyBX1y5k,rFzSyBX1y5k,https://img.youtube.com/vi/rFzSyBX1y5k/hqdefault.jpg,pendente,,,,,
video-99OCob6RPDY,video,"SÃO FRANCISCO, O SANTO LOUCO DE ASSIS!",,Sérgio Viana Villa,2025-11-30,,EpaminondasOnline,,1,,,https://www.youtube.com/watch?v=99OCob6RPDY,99OCob6RPDY,https://img.youtube.com/vi/99OCob6RPDY/hqdefault.jpg,pendente,,,,,
video-lwVRfeN2Bbs,video,https://youtu.be/lwVRfeN2Bbs O BUDISMO DE NICHIREN DAISHONIN,,Eduardo Kairalla Filho,2025-12-07,,EpaminondasOnline,,1,,,https://www.youtube.com/watch?v=lwVRfeN2Bbs,lwVRfeN2Bbs,https://img.youtube.com/vi/lwVRfeN2Bbs/hqdefault.jpg,pendente,,,,,
video-ae7Ph2iywV0,video,OS NÚMEROS NA MAÇONARIA: da unidade ao infinito,,Domingos Léo Monteiro,2025-12-14,,EpaminondasOnline,,1,,,https://www.youtube.com/watch?v=ae7Ph2iywV0,ae7Ph2iywV0,https://img.youtube.com/vi/ae7Ph2iywV0/hqdefault.jpg,pendente,,,,,
video-RYPOr85hl6c,video,RUT e SHAVUOT,,Rogério Borges Pascoal,2025-12-21,,EpaminondasOnline,,1,,,https://www.youtube.com/watch?v=RYPOr85hl6c,RYPOr85hl6c,https://img.youtube.com/vi/RYPOr85hl6c/hqdefault.jpg,pendente,,,,,
video-uuKm0TkahO8,video,"PAULO DE TARSO, O HOMEM E A OBRA",,Denizart Silveira,2025-12-28,,EpaminondasOnline,,1,,,https://www.youtube.com/watch?v=uuKm0TkahO8,uuKm0TkahO8,https://img.youtube.com/vi/uuKm0TkahO8/hqdefault.jpg,pendente,,,,,
video-cnYL_KIIpvs,video,SUAVE MILAGRE,,JOGRAL ARTE REAL,2026-01-04,,EpaminondasOnline,,1,,,https://www.youtube.com/watch?v=cnYL_KIIpvs,cnYL_KIIpvs,https://img.youtube.com/vi/cnYL_KIIpvs/hqdefault.jpg,pendente,,,,,
video-nTZZzcXghw0,video,https://youtu.be/nTZZzcXghw0 O DESBASTE DA PEDRA BRUTA ATRAVÉS DA MENTORIA & PNL,,Ênio Carvalho,2026-01-11,,EpaminondasOnline,,1,,,https://www.youtube.com/watch?v=nTZZzcXghw0,nTZZzcXghw0,https://img.youtube.com/vi/nTZZzcXghw0/hqdefault.jpg,pendente,,,,,
video-XD2xEYPenKo,video,SINTONIA E HARMONIA,,Manuel de Magalhães Pereira,2026-01-18,,EpaminondasOnline,,1,,,https://www.youtube.com/watch?v=XD2xEYPenKo,XD2xEYPenKo,https://img.youtube.com/vi/XD2xEYPenKo/hqdefault.jpg,pendente,,,,,
video-mBK6hZjptms,video,NAPOLEÃO BONAPARTE E SUA INFLUÊNCIA NA MAÇONARIA,,Silvério Ribeiro,2026-01-25,,EpaminondasOnline,,1,,,https://www.youtube.com/watch?v=mBK6hZjptms,mBK6hZjptms,https://img.youtube.com/vi/mBK6hZjptms/hqdefault.jpg,pendente,,,,,
video-DYawOefLhy8,video,REVOLUÇÃO PERNAMBUCANA DE 1817 - Mario Vasconcelos - 1º/02/2026,,EpaminondasOnline  https://youtu.be/DYawOefLhy8,,,EpaminondasOnline,,1,,,https://www.youtube.com/watch?v=DYawOefLhy8,DYawOefLhy8,https://img.youtube.com/vi/DYawOefLhy8/hqdefault.jpg,pendente,,,,,
video-TIOxltZED-o,video,FILOSOFIA PERENE - 1ª PARTE,,Roberto Zardo,2026-02-08,,EpaminondasOnline,,1,,,https://www.youtube.com/watch?v=TIOxltZED-o,TIOxltZED-o,https://img.youtube.com/vi/TIOxltZED-o/hqdefault.jpg,pendente,,,,,
video-u0TEcnL1aio,video,OS GRAUS DA MARCA E NAUTA,,Domingos Léo Monteiro,2025-02-15,,EpaminondasOnline,,1,,,https://www.youtube.com/watch?v=u0TEcnL1aio,u0TEcnL1aio,https://img.youtube.com/vi/u0TEcnL1aio/hqdefault.jpg,pendente,,,,,
video-SVEjcwt8cfw,video,DA VASTIDÃO DA TERRA AO UNIVERSO DOS ARES,,Geraldo Ribeiro da Fonseca,2025-02-22,,EpaminondasOnline,,1,,,https://www.youtube.com/watch?v=SVEjcwt8cfw,SVEjcwt8cfw,https://img.youtube.com/vi/SVEjcwt8cfw/hqdefault.jpg,pendente,,,,,
video-hMuOHjGueRc,video,"VIDA E OBRA DE ""XICO TROLHA"" - Fuad Haddad - 1º/03/2026",,EpaminondasOnline https://youtu.be/hMuOHjGueRc,,,EpaminondasOnline,,1,,,https://www.youtube.com/watch?v=hMuOHjGueRc,hMuOHjGueRc,https://img.youtube.com/vi/hMuOHjGueRc/hqdefault.jpg,pendente,,,,,
video-Gt4wdf3B7jc,video,FILOSOFIA PERENE - 2ª PARTE,,Roberto Zardo,2026-03-08,,EpaminondasOnline,,1,,,https://www.youtube.com/watch?v=Gt4wdf3B7jc,Gt4wdf3B7jc,https://img.youtube.com/vi/Gt4wdf3B7jc/hqdefault.jpg,pendente,,,,,
video-hHNqGAYMcVI,video,A evolução no conhecimento das partículas,,Cláudio Melo,2026-03-22,,EpaminondasOnline,,1,,,https://www.youtube.com/watch?v=hHNqGAYMcVI,hHNqGAYMcVI,https://img.youtube.com/vi/hHNqGAYMcVI/hqdefault.jpg,pendente,,,,,
video-h8uUaqZnJZs,video,Porque continuar na Maçonaria,,Domingos Léo Monteiro,2026-03-29,,EpaminondasOnline,,1,,,https://www.youtube.com/watch?v=h8uUaqZnJZs,h8uUaqZnJZs,https://img.youtube.com/vi/h8uUaqZnJZs/hqdefault.jpg,pendente,,,,,
video-_z8APBTlEm8,video,A Geometria Sagrada,,Mauro Leray,2025-03-05,,EpaminondasOnline,,1,,,https://www.youtube.com/watch?v=_z8APBTlEm8,_z8APBTlEm8,https://img.youtube.com/vi/_z8APBTlEm8/hqdefault.jpg,pendente,,,,,
video-8CdB_J72JEI,video,Os Chakras no Rito Adonhiramita,,Sérgio Emilião,2025-03-12,,EpaminondasOnline,,1,,,https://www.youtube.com/watch?v=8CdB_J72JEI,8CdB_J72JEI,https://img.youtube.com/vi/8CdB_J72JEI/hqdefault.jpg,pendente,,,,,
video-VsS_8cY29SU,video,"Conheça seus Eruditos Contemporâneos: Jerônimo Borges, Raimundo Rodrigues e Boanerges de Castro",,"Adilson Zotovici, Oduwaldo Álvaro e José Airton de Carvalho",2025-03-26,,EpaminondasOnline,,1,,,https://www.youtube.com/watch?v=VsS_8cY29SU,VsS_8cY29SU,https://img.youtube.com/vi/VsS_8cY29SU/hqdefault.jpg,pendente,,,,,
video--LP-4tuF6cM,video,A Espada no Rito Adonhiramita,,Sérgio Emilião,2025-04-02,,EpaminondasOnline,,1,,,https://www.youtube.com/watch?v=-LP-4tuF6cM,-LP-4tuF6cM,https://img.youtube.com/vi/-LP-4tuF6cM/hqdefault.jpg,pendente,,,,,
video-1SXQAzx0VF0,video,Salmo 133,,Fabiano Silvestri,2025-04-16,,EpaminondasOnline,,1,,,https://www.youtube.com/watch?v=1SXQAzx0VF0,1SXQAzx0VF0,https://img.youtube.com/vi/1SXQAzx0VF0/hqdefault.jpg,pendente,,,,,
video-wfe2gaCEA2Q,video,A Maçonaria e a Evolução Social e Comercial na Europa,,Erivelto Luis de Souza,2025-04-30,,EpaminondasOnline,,1,,,https://www.youtube.com/watch?v=wfe2gaCEA2Q,wfe2gaCEA2Q,https://img.youtube.com/vi/wfe2gaCEA2Q/hqdefault.jpg,pendente,,,,,
video-okERG7bs6X0,video,Mistagogia e Formação Maçônica,,Cídio Lopes de Almeida,2025-05-21,,EpaminondasOnline,,1,,,https://www.youtube.com/watch?v=okERG7bs6X0,okERG7bs6X0,https://img.youtube.com/vi/okERG7bs6X0/hqdefault.jpg,pendente,,,,,
video-Uwz1uAGYgDk,video,O Pioneirismo na Maçonaria de Minas Gerais,,Geraldo Ribeiro da Fonseca,2025-05-28,,EpaminondasOnline,,1,,,https://www.youtube.com/watch?v=Uwz1uAGYgDk,Uwz1uAGYgDk,https://img.youtube.com/vi/Uwz1uAGYgDk/hqdefault.jpg,pendente,,,,,
video-RONmmVHZdds,video,A Cabala no Templo Adonhiramita,,Sérgio Emilião,2025-06-04,,EpaminondasOnline,,1,,,https://www.youtube.com/watch?v=RONmmVHZdds,RONmmVHZdds,https://img.youtube.com/vi/RONmmVHZdds/hqdefault.jpg,pendente,,,,,
video-vmweHHQyI3c,video,"Sério Ouro 2 (FRANCISCO RORATO, JOSÉ DE SOUZA MARQUES, XICO TROLHA)",,,2025-06-18,,EpaminondasOnline,,1,,,https://www.youtube.com/watch?v=vmweHHQyI3c,vmweHHQyI3c,https://img.youtube.com/vi/vmweHHQyI3c/hqdefault.jpg,pendente,,,,,
video-B_X-pXOUUx8,video,"São João, o Patrono da Maçonaria",,Sérgio Emilião,2025-06-25,,EpaminondasOnline,,1,,,https://www.youtube.com/watch?v=B_X-pXOUUx8,B_X-pXOUUx8,https://img.youtube.com/vi/B_X-pXOUUx8/hqdefault.jpg,pendente,,,,,
video-V79X1rhraMM,video,Dos Modernos aos Antigos e a Grande Loja Unida da Inglaterra,,Rubens Caldeira Monteiro,2025-07-02,,EpaminondasOnline,,1,,,https://www.youtube.com/watch?v=V79X1rhraMM,V79X1rhraMM,https://img.youtube.com/vi/V79X1rhraMM/hqdefault.jpg,pendente,,,,,
video-cfmctlkazYo,video,Alexandre de Gusmão e o Tratado de Madrid,,Miguel José Nuske,2025-07-09,,EpaminondasOnline,,1,,,https://www.youtube.com/watch?v=cfmctlkazYo,cfmctlkazYo,https://img.youtube.com/vi/cfmctlkazYo/hqdefault.jpg,pendente,,,,,
video--eMbLZzeejw,video,Maçonaria: uma reflexão necessária,,Fuad Haddad,2025-07-16,,EpaminondasOnline,,1,,,https://www.youtube.com/watch?v=-eMbLZzeejw,-eMbLZzeejw,https://img.youtube.com/vi/-eMbLZzeejw/hqdefault.jpg,pendente,,,,,
video-6tfVXdFcKuM,video,Spinoza não é para ser lido é para ser estudado,,Roberto Zardo,2025-07-23,,EpaminondasOnline,,1,,,https://www.youtube.com/watch?v=6tfVXdFcKuM,6tfVXdFcKuM,https://img.youtube.com/vi/6tfVXdFcKuM/hqdefault.jpg,pendente,,,,,
video-HjWLHHol9HE,video,Inteligência Artificial na Maçonaria,,Marcelo Augusto Corsini,2025-07-30,,EpaminondasOnline,,1,,,https://www.youtube.com/watch?v=HjWLHHol9HE,HjWLHHol9HE,https://img.youtube.com/vi/HjWLHHol9HE/hqdefault.jpg,pendente,,,,,
video-lLmlcE8-W_0,video,https://youtu.be/lLmlcE8-W_0 Qual o Segredo das Pirâmides do Egito?,,Miguel José Nuske,2025-08-06,,EpaminondasOnline,,1,,,https://www.youtube.com/watch?v=lLmlcE8-W_0,lLmlcE8-W_0,https://img.youtube.com/vi/lLmlcE8-W_0/hqdefault.jpg,pendente,,,,,
video-kftUaXWfcCA,video,obre a Quinta Instrução,,Mardônio Júnior Matos Duarte,2025-08-13,,EpaminondasOnline,,1,,,https://www.youtube.com/watch?v=kftUaXWfcCA,kftUaXWfcCA,https://img.youtube.com/vi/kftUaXWfcCA/hqdefault.jpg,pendente,,,,,
video--SpDY3vtdLc,video,Maçom,,Aldino Brasil de Souza,2025-08-20,,EpaminondasOnline,,1,,,https://www.youtube.com/watch?v=-SpDY3vtdLc,-SpDY3vtdLc,https://img.youtube.com/vi/-SpDY3vtdLc/hqdefault.jpg,pendente,,,,,
video-XMDZyTIu8es,video,O Quarto de Hora de Instrução no Rito Adonhiramita,,Sérgio Emilião,2025-09-03,,EpaminondasOnline,,1,,,https://www.youtube.com/watch?v=XMDZyTIu8es,XMDZyTIu8es,https://img.youtube.com/vi/XMDZyTIu8es/hqdefault.jpg,pendente,,,,,
video-bgxAskNQeLM,video,Pense com Clareza e Aja com Foco,,Aureo Zanotta Villagra,2025-09-10,,EpaminondasOnline,,1,,,https://www.youtube.com/watch?v=bgxAskNQeLM,bgxAskNQeLM,https://img.youtube.com/vi/bgxAskNQeLM/hqdefault.jpg,pendente,,,,,
video-KaAH3S-8Zw8,video,As Evoluções Ritualísticas do Rito Moderno ou Francês nos Séculos XVIII e XIX,,Gustavo Vernaschi Patuto,2025-09-17,,EpaminondasOnline,,1,,,https://www.youtube.com/watch?v=KaAH3S-8Zw8,KaAH3S-8Zw8,https://img.youtube.com/vi/KaAH3S-8Zw8/hqdefault.jpg,pendente,,,,,
video-5TvqGNFGMyM,video,"Além do Simbolismo da Maçonaria no Brasil: alguns graus, ordens e ritos",,Rubens Caldeira Monteiro,2025-09-24,,EpaminondasOnline,,1,,,https://www.youtube.com/watch?v=5TvqGNFGMyM,5TvqGNFGMyM,https://img.youtube.com/vi/5TvqGNFGMyM/hqdefault.jpg,pendente,,,,,
video-vbA9-LtQg3s,video,Aprendizados Estoicos Maçônicos,,Roberto Zardo,2025-10-01,,EpaminondasOnline,,1,,,https://www.youtube.com/watch?v=vbA9-LtQg3s,vbA9-LtQg3s,https://img.youtube.com/vi/vbA9-LtQg3s/hqdefault.jpg,pendente,,,,,
video-FsWCo-htQJk,video,Breve História do Rito Adonhiramita,,Sérgio Emilião,2025-10-08,,EpaminondasOnline,,1,,,https://www.youtube.com/watch?v=FsWCo-htQJk,FsWCo-htQJk,https://img.youtube.com/vi/FsWCo-htQJk/hqdefault.jpg,pendente,,,,,
video-89JpfxGJLMs,video,ORDO AB CHAO X GESTÃO MAÇÔNICA,,Fuad Haddad,2025-10-15,,EpaminondasOnline,,1,,,https://www.youtube.com/watch?v=89JpfxGJLMs,89JpfxGJLMs,https://img.youtube.com/vi/89JpfxGJLMs/hqdefault.jpg,pendente,,,,,
video-ME0Yofv2rSw,video,Algumas Considerações sobre os Landmarks de Mackey,,"Júlio Nahuz,",2025-10-22,,EpaminondasOnline,,1,,,https://www.youtube.com/watch?v=ME0Yofv2rSw,ME0Yofv2rSw,https://img.youtube.com/vi/ME0Yofv2rSw/hqdefault.jpg,pendente,,,,,
video-ULXTN_Jx2Bg,video,O Padrinho (The Godfather) Fuad Haddad,,Edição Especial de Colecionador 1972-2025 53 Anos,2025-10-29,,EpaminondasOnline,,1,,,https://www.youtube.com/watch?v=ULXTN_Jx2Bg,ULXTN_Jx2Bg,https://img.youtube.com/vi/ULXTN_Jx2Bg/hqdefault.jpg,pendente,,,,,
video-4JEXbRbUVKw,video,O Avental no Rito Adonhiramita,,Sérgio Emilião,2025-11-12,,EpaminondasOnline,,1,,,https://www.youtube.com/watch?v=4JEXbRbUVKw,4JEXbRbUVKw,https://img.youtube.com/vi/4JEXbRbUVKw/hqdefault.jpg,pendente,,,,,
video-y2As3xXnDRo,video,As Bandeiras Históricas no Brasil,,José Airton de Carvalho,2025-11-19,,EpaminondasOnline,,1,,,https://www.youtube.com/watch?v=y2As3xXnDRo,y2As3xXnDRo,https://img.youtube.com/vi/y2As3xXnDRo/hqdefault.jpg,pendente,,,,,
video-mTFV7wXuxZo,video,SINDICÂNCIA MAÇÔNICA: COMO REALIZÁ-LA,,Fuad Haddad,2025-11-26,,EpaminondasOnline,,1,,,https://www.youtube.com/watch?v=mTFV7wXuxZo,mTFV7wXuxZo,https://img.youtube.com/vi/mTFV7wXuxZo/hqdefault.jpg,pendente,,,,,
video-59aqd1yuiQY,video,5ª INSTRUÇÃO DO APRENDIZ,,Manuel de Magalhães Pereira,2025-12-03,,EpaminondasOnline,,1,,,https://www.youtube.com/watch?v=59aqd1yuiQY,59aqd1yuiQY,https://img.youtube.com/vi/59aqd1yuiQY/hqdefault.jpg,pendente,,,,,
video-fDE6a5-NhR0,video,"*CAPELA SISTINA: onde o homem toca o divino através da arte, da consciência, pelo simbolismo da Criação da Luz e do despertar do espírito humano",,Frederico Marchetti,2025-12-10,,EpaminondasOnline,,1,,,https://www.youtube.com/watch?v=fDE6a5-NhR0,fDE6a5-NhR0,https://img.youtube.com/vi/fDE6a5-NhR0/hqdefault.jpg,pendente,,,,,
video-j-Z0Q1DRej4,video,https://youtu.be/j-Z0Q1DRej4 A INICIAÇÃO NO RITO ADONHIRAMITA - PARTE I,,Sérgio Emilião,2025-12-17,,EpaminondasOnline,,1,,,https://www.youtube.com/watch?v=j-Z0Q1DRej4,j-Z0Q1DRej4,https://img.youtube.com/vi/j-Z0Q1DRej4/hqdefault.jpg,pendente,,,,,
video-FtYaZR-aYX4,video,ARQUÉTIPOS E A MAÇONARIA,,Mauro Leray,2026-01-07,,EpaminondasOnline,,1,,,https://www.youtube.com/watch?v=FtYaZR-aYX4,FtYaZR-aYX4,https://img.youtube.com/vi/FtYaZR-aYX4/hqdefault.jpg,pendente,,,,,
video-Fus5xViPGCM,video,O PAINEL DE APRENDIZ NO RITO MODERNO,,Cledson Cardoso,2026-01-14,,EpaminondasOnline,,1,,,https://www.youtube.com/watch?v=Fus5xViPGCM,Fus5xViPGCM,https://img.youtube.com/vi/Fus5xViPGCM/hqdefault.jpg,pendente,,,,,
video-CO_yR_rY9kY,video,A INICIAÇÃO NO RITO ADONHIRAMITA - PARTE II,,Sérgio Emilião,2026-01-21,,EpaminondasOnline,,1,,,https://www.youtube.com/watch?v=CO_yR_rY9kY,CO_yR_rY9kY,https://img.youtube.com/vi/CO_yR_rY9kY/hqdefault.jpg,pendente,,,,,
video-JPgA54eRBuQ,video,ECLESIASTES,,Rogério Borges Pascoal,2026-01-28,,EpaminondasOnline,,1,,,https://www.youtube.com/watch?v=JPgA54eRBuQ,JPgA54eRBuQ,https://img.youtube.com/vi/JPgA54eRBuQ/hqdefault.jpg,pendente,,,,,
video-P4y7fiCb7jo,video,UNIÃO,,Miguel José Nuske,2026-02-04,,EpaminondasOnline,,1,,,https://www.youtube.com/watch?v=P4y7fiCb7jo,P4y7fiCb7jo,https://img.youtube.com/vi/P4y7fiCb7jo/hqdefault.jpg,pendente,,,,,
video-xVRJEaQCFM4,video,https://youtu.be/xVRJEaQCFM4 POR QUÊ REALIZAR OS ALTOS GRAUS,,Oduwaldo Alvaro,2026-02-11,,EpaminondasOnline,,1,,,https://www.youtube.com/watch?v=xVRJEaQCFM4,xVRJEaQCFM4,https://img.youtube.com/vi/xVRJEaQCFM4/hqdefault.jpg,pendente,,,,,
video-EUirUEo6v9Q,video,A INICIAÇÃO NO RITO ADONHIRAMITA - PARTE III,,Sérgio Emilião,2026-02-18,,EpaminondasOnline,,1,,,https://www.youtube.com/watch?v=EUirUEo6v9Q,EUirUEo6v9Q,https://img.youtube.com/vi/EUirUEo6v9Q/hqdefault.jpg,pendente,,,,,
video-sfjW1I_rvHw,video,PIKE: O HOMEM E AS OBRAS,,Rogério Borges Pascoal,2026-02-25,,EpaminondasOnline,,1,,,https://www.youtube.com/watch?v=sfjW1I_rvHw,sfjW1I_rvHw,https://img.youtube.com/vi/sfjW1I_rvHw/hqdefault.jpg,pendente,,,,,
video-P5hbYxHYxTI,video,A HISTÓRIA DE MINAS GERAIS,,Geraldo Ribeiro da Fonseca,2026-03-04,,EpaminondasOnline,,1,,,https://www.youtube.com/watch?v=P5hbYxHYxTI,P5hbYxHYxTI,https://img.youtube.com/vi/P5hbYxHYxTI/hqdefault.jpg,pendente,,,,,
video-YZCIOHt4mqU,video,MESTRE DE CERIMÔNIAS NA MAÇONARIA,,Fuad Haddad,2026-03-11,,EpaminondasOnline,,1,,,https://www.youtube.com/watch?v=YZCIOHt4mqU,YZCIOHt4mqU,https://img.youtube.com/vi/YZCIOHt4mqU/hqdefault.jpg,pendente,,,,,
video-pXxAdoU9TCY,video,A ORDEM DO DIA NO RITO ADONHIRAMITA,,Sérgio Emilião,2026-03-18,,EpaminondasOnline,,1,,,https://www.youtube.com/watch?v=pXxAdoU9TCY,pXxAdoU9TCY,https://img.youtube.com/vi/pXxAdoU9TCY/hqdefault.jpg,pendente,,,,,
video-nyPNfM4ZzBI,video,"TEMPO, DECIFRA-ME OU TE DEVORO! QUAL É O TEMPO PARA O MAÇOM?",,Roberto Zardo,2026-04-01,,EpaminondasOnline,,1,,,https://www.youtube.com/watch?v=nyPNfM4ZzBI,nyPNfM4ZzBI,https://img.youtube.com/vi/nyPNfM4ZzBI/hqdefault.jpg,pendente,,,,,
video-ol9LYeGBDks,video,PROVÉRBIOS,,Rogério Borges Pascoal,2026-04-08,,EpaminondasOnline,,1,,,https://www.youtube.com/watch?v=ol9LYeGBDks,ol9LYeGBDks,https://img.youtube.com/vi/ol9LYeGBDks/hqdefault.jpg,pendente,,,,,
video-6VFDD7FZJQk,video,PECULIARIDADES DO RITO ADONHIRAMITA,,Sérgio Emilião,2026-04-15,,EpaminondasOnline,,1,,,https://www.youtube.com/watch?v=6VFDD7FZJQk,6VFDD7FZJQk,https://img.youtube.com/vi/6VFDD7FZJQk/hqdefault.jpg,pendente,,,,,
video-9xY7ok-7U30,video,A PRIVACIDADE DOS DADOS PESSOAIS NA SOCIEDADE E NA MAÇONARIA,,Gabriel Ferreira Ramos da Conceição,2026-04-22,,EpaminondasOnline,,1,,,https://www.youtube.com/watch?v=9xY7ok-7U30,9xY7ok-7U30,https://img.youtube.com/vi/9xY7ok-7U30/hqdefault.jpg,pendente,,,,,
video-8DgCB9ET9hQ,video,O TRABALHO DO MAÇOM,,Fuad Haddad,2026-04-29,,EpaminondasOnline,,1,,,https://www.youtube.com/watch?v=8DgCB9ET9hQ,8DgCB9ET9hQ,https://img.youtube.com/vi/8DgCB9ET9hQ/hqdefault.jpg,pendente,,,,,
video-vGcJnKIj504,video,TEHILIN - SALMOS,,Rogério Borges Pascoal,2026-05-06,,EpaminondasOnline,,1,,,https://www.youtube.com/watch?v=vGcJnKIj504,vGcJnKIj504,https://img.youtube.com/vi/vGcJnKIj504/hqdefault.jpg,pendente,,,,,
video-CCV-nQ5Nm9g,video,HISTORICIDADE DO RITO ADONHIRAMITA,,Sérgio Emilião,2026-05-13,,EpaminondasOnline,,1,,,https://www.youtube.com/watch?v=CCV-nQ5Nm9g,CCV-nQ5Nm9g,https://img.youtube.com/vi/CCV-nQ5Nm9g/hqdefault.jpg,pendente,,,,,
video-ZihXsogIyl4,video,EPÍTOME HISTÓRICA DO REAA - PARTE I,,Fuad Haddad,2026-05-20,,EpaminondasOnline,,1,,,https://www.youtube.com/watch?v=ZihXsogIyl4,ZihXsogIyl4,https://img.youtube.com/vi/ZihXsogIyl4/hqdefault.jpg,pendente,,,,,
video-3aXMJf8cMcM,video,JÓ,,Rogério Borges Pascoal,2026-06-03,,EpaminondasOnline,,1,,,https://www.youtube.com/watch?v=3aXMJf8cMcM,3aXMJf8cMcM,https://img.youtube.com/vi/3aXMJf8cMcM/hqdefault.jpg,pendente,,,,,
video-US9an_ssTk4,video,ÉTICA MAÇÔNICA NA ERA DA IA,,Leonard Takuya Muranaga,2026-06-10,,EpaminondasOnline,,1,,,https://www.youtube.com/watch?v=US9an_ssTk4,US9an_ssTk4,https://img.youtube.com/vi/US9an_ssTk4/hqdefault.jpg,pendente,,,,,
video-7wtCs5pv4UM,video,AS,,VIRTUDES CARDEAIS,2026-07-01,,EpaminondasOnline,,1,,,https://www.youtube.com/watch?v=7wtCs5pv4UM,7wtCs5pv4UM,https://img.youtube.com/vi/7wtCs5pv4UM/hqdefault.jpg,pendente,,,,,
video-woqpXQGjtNQ,video,CÂNTICO DOS CÂNTICOS,,Rogério Borges Pascoal,2026-07-08,,EpaminondasOnline,,1,,,https://www.youtube.com/watch?v=woqpXQGjtNQ,woqpXQGjtNQ,https://img.youtube.com/vi/woqpXQGjtNQ/hqdefault.jpg,pendente,,,,,
video-P2QlD3WFNFc,video,LIVROS JUDAICOS,,Antonio Aldrighi Ceron Filho,2026-04-05,,EpaminondasOnline,,1,,,https://www.youtube.com/watch?v=P2QlD3WFNFc,P2QlD3WFNFc,https://img.youtube.com/vi/P2QlD3WFNFc/hqdefault.jpg,pendente,,,,,
video-79xVMnjj8MM,video,FILOSOFIA PERENE - 3ª PARTE,,Roberto Zardo,2026-04-12,,EpaminondasOnline,,1,,,https://www.youtube.com/watch?v=79xVMnjj8MM,79xVMnjj8MM,https://img.youtube.com/vi/79xVMnjj8MM/hqdefault.jpg,pendente,,,,,
video-YwYX-U0wwlc,video,A MAÇONARIA NOS TEMPOS DA INTELIGÊNCIA ARTIFICIAL,,Cledson Cardoso,2026-04-19,,EpaminondasOnline,,1,,,https://www.youtube.com/watch?v=YwYX-U0wwlc,YwYX-U0wwlc,https://img.youtube.com/vi/YwYX-U0wwlc/hqdefault.jpg,pendente,,,,,
video-b8zdS4qZ6xc,video,TEOGONIA EGÍPCIA,,Heidi Lopes Sartorello Mathias & Amilcar Alabarce Mathias,2026-04-26,,EpaminondasOnline,,1,,,https://www.youtube.com/watch?v=b8zdS4qZ6xc,b8zdS4qZ6xc,https://img.youtube.com/vi/b8zdS4qZ6xc/hqdefault.jpg,pendente,,,,,
video-JqKTGDyRZXE,video,FRACTALIDADE E GEOMETRIA SAGRADA NO COTIDIANO MAÇÔNICO,,Jonilson Bogéa,2026-05-03,,EpaminondasOnline,,1,,,https://www.youtube.com/watch?v=JqKTGDyRZXE,JqKTGDyRZXE,https://img.youtube.com/vi/JqKTGDyRZXE/hqdefault.jpg,pendente,,,,,
video-bbH541f2TwA,video,"EU, ESPERANÇA. 4 ANOS DEPOIS",,Domingos Léo Monteiro,2026-05-10,,EpaminondasOnline,,1,,,https://www.youtube.com/watch?v=bbH541f2TwA,bbH541f2TwA,https://img.youtube.com/vi/bbH541f2TwA/hqdefault.jpg,pendente,,,,,
video-u9lkA6jbDjo,video,SOBRE O AMOR,,Sérgio Viana Villa,2026-05-17,,EpaminondasOnline,,1,,,https://www.youtube.com/watch?v=u9lkA6jbDjo,u9lkA6jbDjo,https://img.youtube.com/vi/u9lkA6jbDjo/hqdefault.jpg,pendente,,,,,
video-iYoEez6TYhc,video,HISTÓRIA DE LOJAS CENTENÁRIAS:,,REGENERAÇÃO BARBACENENSE GeraldoRFonseca,2026-05-24,,EpaminondasOnline,,1,,,https://www.youtube.com/watch?v=iYoEez6TYhc,iYoEez6TYhc,https://img.youtube.com/vi/iYoEez6TYhc/hqdefault.jpg,pendente,,,,,
video-LpJTNY0A1Ts,video,FILOSOFIA PERENE - 4ª PARTE,,Roberto Zardo,2026-05-31,,EpaminondasOnline,,1,,,https://www.youtube.com/watch?v=LpJTNY0A1Ts,LpJTNY0A1Ts,https://img.youtube.com/vi/LpJTNY0A1Ts/hqdefault.jpg,pendente,,,,,
video-jnIg0-mmSHg,video,A ORIGEM DE DEUS - EL/ELOHIM/IAHWEH,,Adnan Neser,2026-06-07,,EpaminondasOnline,,1,,,https://www.youtube.com/watch?v=jnIg0-mmSHg,jnIg0-mmSHg,https://img.youtube.com/vi/jnIg0-mmSHg/hqdefault.jpg,pendente,,,,,
video-JNaSH7FxqCY,video,LENDAS ARTHURIANAS - refleAÇÕES!,,Roberto Zardo,2026-06-14,,EpaminondasOnline,,1,,,https://www.youtube.com/watch?v=JNaSH7FxqCY,JNaSH7FxqCY,https://img.youtube.com/vi/JNaSH7FxqCY/hqdefault.jpg,pendente,,,,,
video-lNP5o9goZNk,video,MARCO AURÉLIO - O HOMEM E A OBRA,,Cláudio Melo,2026-06-21,,EpaminondasOnline,,1,,,https://www.youtube.com/watch?v=lNP5o9goZNk,lNP5o9goZNk,https://img.youtube.com/vi/lNP5o9goZNk/hqdefault.jpg,pendente,,,,,
video-SpZ1Dww9R3s,video,A MORAL EM ADAM SMITH E OS FILÓSOFOS DO LIBERALISMO,,Oduwaldo Alvaro,2026-06-28,,EpaminondasOnline,,1,,,https://www.youtube.com/watch?v=SpZ1Dww9R3s,SpZ1Dww9R3s,https://img.youtube.com/vi/SpZ1Dww9R3s/hqdefault.jpg,pendente,,,,,
video-XjSWU8OQgPk,video,MAÇONARIA COMO RELIGIÃO FILOSÓFICA,,Cídio Lopes de Almeida,2026-07-05,,EpaminondasOnline,,1,,,https://www.youtube.com/watch?v=XjSWU8OQgPk,XjSWU8OQgPk,https://img.youtube.com/vi/XjSWU8OQgPk/hqdefault.jpg,pendente,,,,,
video-3HcNdxBe-Yc,video,TRIVIUM E QUADRIVIUM PARA APRENDIZES,,Roberto Gonzalez,2026-07-12,,EpaminondasOnline,,1,,,https://www.youtube.com/watch?v=3HcNdxBe-Yc,3HcNdxBe-Yc,https://img.youtube.com/vi/3HcNdxBe-Yc/hqdefault.jpg,pendente,,,,,
